order_id;product_id;quantity;unit_price;discount_amount;ingestion_ts;ingest_date;has_invalid_quantity;is_valid_item
O000001;P00001;3;353.43;31.4;2026-06-07T18:52:50.476Z;2025-12-02;false;true
O000001;P00017;3;709.22;204.94;2026-06-07T18:52:50.476Z;2025-12-02;false;true
O000001;P00021;1;127.66;10.05;2026-06-07T18:52:50.476Z;2025-12-02;false;true
O000001;P00029;2;567.16;21.74;2026-06-07T18:52:43.539Z;2025-12-01;false;true
O000001;P00033;2;528.52;84.09;2026-06-07T18:52:43.539Z;2025-12-01;false;true
O000002;P00058;1;416.65;50.29;2026-06-07T18:52:43.539Z;2025-12-01;false;true
O000003;P00005;1;345.66;25.7;2026-06-07T18:52:43.539Z;2025-12-01;false;true
O000003;P00012;3;466.25;11.88;2026-06-07T18:52:43.539Z;2025-12-01;false;true
O000003;P00022;2;746.08;148.33;2026-06-07T18:52:50.476Z;2025-12-02;false;true
O000003;P00032;2;640.06;173.63;2026-06-07T18:52:43.539Z;2025-12-01;false;true
O000003;P00050;1;684.78;111.44;2026-06-07T18:52:50.476Z;2025-12-02;false;true
O000004;P00044;2;32.07;7.34;2026-06-07T18:52:43.539Z;2025-12-01;false;true
O000004;P00051;3;250.50;29.28;2026-06-07T18:52:43.539Z;2025-12-01;false;true
O000004;P00057;3;308.11;57.43;2026-06-07T18:52:43.539Z;2025-12-01;false;true
O000005;P00030;2;614.95;87.01;2026-06-07T18:52:43.539Z;2025-12-01;false;true
O000005;P00031;3;443.93;39.03;2026-06-07T18:52:43.539Z;2025-12-01;false;true
O000005;P00054;2;792.26;142.6;2026-06-07T18:52:43.539Z;2025-12-01;false;true
O000006;P00037;3;798.99;163.9;2026-06-07T18:52:43.539Z;2025-12-01;false;true
O000007;P00020;3;393.66;30.86;2026-06-07T18:52:43.539Z;2025-12-01;false;true
O000008;P00006;2;720.15;13.25;2026-06-07T18:52:50.476Z;2025-12-02;false;true
O000008;P00025;2;535.25;98.04;2026-06-07T18:52:43.539Z;2025-12-01;false;true
O000008;P00027;3;81.83;14.56;2026-06-07T18:52:50.476Z;2025-12-02;false;true
O000008;P00032;3;394.10;59.34;2026-06-07T18:52:50.476Z;2025-12-02;false;true
O000008;P00046;;;21.56;2026-06-07T18:52:43.539Z;2025-12-01;true;false
O000009;P00004;1;410.22;83.89;2026-06-07T18:52:43.539Z;2025-12-01;false;true
O000009;P00005;2;157.48;14.59;2026-06-07T18:52:43.539Z;2025-12-01;false;true
O000009;P00019;2;540.62;149.45;2026-06-07T18:52:43.539Z;2025-12-01;false;true
O000009;P00052;1;45.87;9.59;2026-06-07T18:52:43.539Z;2025-12-01;false;true
O000009;P00060;1;185.36;13.92;2026-06-07T18:52:50.476Z;2025-12-02;false;true
O000010;P00007;1;720.10;94.71;2026-06-07T18:52:43.539Z;2025-12-01;false;true
O000010;P00018;3;533.93;154.42;2026-06-07T18:52:43.539Z;2025-12-01;false;true
O000010;P00041;3;33.42;9.98;2026-06-07T18:52:43.539Z;2025-12-01;false;true
O000010;P00060;1;754.51;73.8;2026-06-07T18:52:43.539Z;2025-12-01;false;true
O000011;P00043;3;384.89;111.7;2026-06-07T18:52:43.539Z;2025-12-01;false;true
O000011;P00051;1;578.74;66.64;2026-06-07T18:52:43.539Z;2025-12-01;false;true
O000011;P00057;2;416.15;50.1;2026-06-07T18:52:43.539Z;2025-12-01;false;true
O000012;P00044;3;436.34;102.24;2026-06-07T18:52:43.539Z;2025-12-01;false;true
O000012;P00049;1;197.61;49.24;2026-06-07T18:52:43.539Z;2025-12-01;false;true
O000012;P00059;2;482.13;84.45;2026-06-07T18:52:43.539Z;2025-12-01;false;true
O000013;P00001;2;376.78;0.97;2026-06-07T18:52:43.539Z;2025-12-01;false;true
O000013;P00016;2;113.43;27.15;2026-06-07T18:52:43.539Z;2025-12-01;false;true
O000013;P00018;3;248.53;14.02;2026-06-07T18:52:43.539Z;2025-12-01;false;true
O000013;P00030;1;483.87;101.81;2026-06-07T18:52:43.539Z;2025-12-01;false;true
O000014;P00048;2;776.15;203.22;2026-06-07T18:52:43.539Z;2025-12-01;false;true
O000015;P00004;2;526.20;62.37;2026-06-07T18:52:43.539Z;2025-12-01;false;true
O000015;P00036;2;38.34;11.38;2026-06-07T18:52:43.539Z;2025-12-01;false;true
O000016;P00022;1;368.65;46.67;2026-06-07T18:52:43.539Z;2025-12-01;false;true
O000016;P00035;3;513.79;114.26;2026-06-07T18:52:43.539Z;2025-12-01;false;true
O000016;P00059;3;265.37;10.78;2026-06-07T18:52:43.539Z;2025-12-01;false;true
O000017;P00014;1;432.78;37.81;2026-06-07T18:52:43.539Z;2025-12-01;false;true
O000017;P00038;2;177.25;8.76;2026-06-07T18:52:43.539Z;2025-12-01;false;true
O000018;P00025;3;414.38;5.0;2026-06-07T18:52:43.539Z;2025-12-01;false;true
O000018;P00033;2;102.57;16.82;2026-06-07T18:52:43.539Z;2025-12-01;false;true
O000018;P00043;3;719.79;122.69;2026-06-07T18:52:43.539Z;2025-12-01;false;true
O000018;P00045;3;571.07;102.22;2026-06-07T18:52:43.539Z;2025-12-01;false;true
O000019;P00009;1;322.42;22.74;2026-06-07T18:52:43.539Z;2025-12-01;false;true
O000020;P00022;3;403.53;45.93;2026-06-07T18:52:43.539Z;2025-12-01;false;true
O000020;P00055;2;271.05;22.51;2026-06-07T18:52:50.476Z;2025-12-02;false;true
O000021;P00002;2;83.39;3.5;2026-06-07T18:52:43.539Z;2025-12-01;false;true
O000021;P00010;2;68.83;14.0;2026-06-07T18:52:43.539Z;2025-12-01;false;true
O000021;P00039;1;45.52;6.88;2026-06-07T18:52:43.539Z;2025-12-01;false;true
O000021;P00059;2;555.92;163.12;2026-06-07T18:52:43.539Z;2025-12-01;false;true
O000022;P00002;3;799.77;100.59;2026-06-07T18:52:43.539Z;2025-12-01;false;true
O000022;P00039;3;595.77;7.66;2026-06-07T18:52:43.539Z;2025-12-01;false;true
O000022;P00043;1;731.98;181.67;2026-06-07T18:52:43.539Z;2025-12-01;false;true
O000023;P00029;2;611.15;83.63;2026-06-07T18:52:43.539Z;2025-12-01;false;true
O000023;P00050;3;776.85;229.24;2026-06-07T18:52:43.539Z;2025-12-01;false;true
O000023;P00059;3;265.46;47.44;2026-06-07T18:52:43.539Z;2025-12-01;false;true
O000024;P00003;3;75.02;16.45;2026-06-07T18:52:43.539Z;2025-12-01;false;true
O000024;P00044;3;764.95;3.5;2026-06-07T18:52:43.539Z;2025-12-01;false;true
O000024;P00056;3;494.31;33.36;2026-06-07T18:52:43.539Z;2025-12-01;false;true
O000025;P00055;2;463.29;106.48;2026-06-07T18:52:43.539Z;2025-12-01;false;true
O000026;P00013;3;149.16;1.33;2026-06-07T18:52:43.539Z;2025-12-01;false;true
O000026;P00014;3;716.43;163.22;2026-06-07T18:52:43.539Z;2025-12-01;false;true
O000026;P00023;3;584.92;169.86;2026-06-07T18:52:43.539Z;2025-12-01;false;true
O000026;P00026;3;252.95;26.11;2026-06-07T18:52:43.539Z;2025-12-01;false;true
O000027;P00003;1;727.93;137.75;2026-06-07T18:52:50.476Z;2025-12-02;false;true
O000027;P00004;2;301.88;33.84;2026-06-07T18:52:50.476Z;2025-12-02;false;true
O000027;P00010;3;118.44;8.29;2026-06-07T18:52:50.476Z;2025-12-02;false;true
O000027;P00014;2;128.70;14.99;2026-06-07T18:52:43.539Z;2025-12-01;false;true
O000027;P00048;2;478.25;73.11;2026-06-07T18:52:43.539Z;2025-12-01;false;true
O000027;P00052;1;96.68;1.49;2026-06-07T18:52:43.539Z;2025-12-01;false;true
O000027;P00058;2;794.84;112.88;2026-06-07T18:52:50.476Z;2025-12-02;false;true
O000028;P00014;1;286.98;7.09;2026-06-07T18:52:50.476Z;2025-12-02;false;true
O000028;P00023;3;496.62;103.61;2026-06-07T18:52:50.476Z;2025-12-02;false;true
O000028;P00054;3;653.21;27.48;2026-06-07T18:52:50.476Z;2025-12-02;false;true
O000029;P00009;1;290.74;41.01;2026-06-07T18:52:43.539Z;2025-12-01;false;true
O000029;P00019;1;490.66;14.89;2026-06-07T18:52:43.539Z;2025-12-01;false;true
O000029;P00025;1;164.17;21.77;2026-06-07T18:52:43.539Z;2025-12-01;false;true
O000030;P00010;2;565.11;158.32;2026-06-07T18:52:50.476Z;2025-12-02;false;true
O000030;P00011;2;492.73;5.31;2026-06-07T18:52:50.476Z;2025-12-02;false;true
O000030;P00022;2;464.20;85.36;2026-06-07T18:52:43.539Z;2025-12-01;false;true
O000030;P00037;1;533.51;69.81;2026-06-07T18:52:50.476Z;2025-12-02;false;true
O000030;P00045;1;518.53;118.73;2026-06-07T18:52:50.476Z;2025-12-02;false;true
O000031;P00038;2;314.32;91.86;2026-06-07T18:52:43.539Z;2025-12-01;false;true
O000031;P00043;1;136.64;35.37;2026-06-07T18:52:43.539Z;2025-12-01;false;true
O000031;P00046;1;50.00;2.51;2026-06-07T18:52:43.539Z;2025-12-01;false;true
O000032;P00003;3;581.52;142.01;2026-06-07T18:52:43.539Z;2025-12-01;false;true
O000032;P00014;1;45.12;10.72;2026-06-07T18:52:43.539Z;2025-12-01;false;true
O000032;P00039;3;433.37;100.34;2026-06-07T18:52:43.539Z;2025-12-01;false;true
O000033;P00016;2;383.58;65.88;2026-06-07T18:52:43.539Z;2025-12-01;false;true
O000033;P00025;3;267.21;75.6;2026-06-07T18:52:43.539Z;2025-12-01;false;true
O000033;P00044;2;397.13;42.88;2026-06-07T18:52:43.539Z;2025-12-01;false;true
O000033;P00054;1;737.04;14.97;2026-06-07T18:52:43.539Z;2025-12-01;false;true
O000034;P00032;3;;17.25;2026-06-07T18:52:43.539Z;2025-12-01;false;false
O000034;P00038;3;702.29;3.36;2026-06-07T18:52:43.539Z;2025-12-01;false;true
O000035;P00002;3;651.62;53.98;2026-06-07T18:52:43.539Z;2025-12-01;false;true
O000035;P00008;3;647.65;128.61;2026-06-07T18:52:43.539Z;2025-12-01;false;true
O000035;P00010;1;777.84;5.0;2026-06-07T18:52:43.539Z;2025-12-01;false;true
O000035;P00046;3;303.88;21.98;2026-06-07T18:52:43.539Z;2025-12-01;false;true
O000036;P00023;3;386.45;102.15;2026-06-07T18:52:43.539Z;2025-12-01;false;true
O000036;P00025;2;774.99;13.44;2026-06-07T18:52:43.539Z;2025-12-01;false;true
O000036;P00060;2;73.56;2.59;2026-06-07T18:52:43.539Z;2025-12-01;false;true
O000037;P00055;2;419.21;10.8;2026-06-07T18:52:43.539Z;2025-12-01;false;true
O000038;P00016;2;591.68;108.56;2026-06-07T18:52:43.539Z;2025-12-01;false;true
O000038;P00022;3;508.29;108.05;2026-06-07T18:52:43.539Z;2025-12-01;false;true
O000039;P00032;1;708.25;42.79;2026-06-07T18:52:43.539Z;2025-12-01;false;true
O000040;P00002;2;744.44;177.41;2026-06-07T18:52:43.539Z;2025-12-01;false;true
O000040;P00027;3;656.78;147.93;2026-06-07T18:52:43.539Z;2025-12-01;false;true
O000040;P00034;;298.00;0.46;2026-06-07T18:52:43.539Z;2025-12-01;true;false
O000040;P00041;3;328.65;82.31;2026-06-07T18:52:43.539Z;2025-12-01;false;true
O000041;P00017;1;35.84;3.05;2026-06-07T18:52:43.539Z;2025-12-01;false;true
O000041;P00040;2;329.75;36.85;2026-06-07T18:52:43.539Z;2025-12-01;false;true
O000042;P00019;1;59.44;7.66;2026-06-07T18:52:43.539Z;2025-12-01;false;true
O000043;P00001;3;282.26;44.28;2026-06-07T18:52:50.476Z;2025-12-02;false;true
O000043;P00019;2;440.92;89.54;2026-06-07T18:52:50.476Z;2025-12-02;false;true
O000043;P00020;1;539.53;78.86;2026-06-07T18:52:43.539Z;2025-12-01;false;true
O000043;P00027;2;17.71;3.14;2026-06-07T18:52:43.539Z;2025-12-01;false;true
O000043;P00028;2;205.47;26.6;2026-06-07T18:52:43.539Z;2025-12-01;false;true
O000043;P00037;2;234.13;36.77;2026-06-07T18:52:43.539Z;2025-12-01;false;true
O000043;P00054;3;100.25;11.8;2026-06-07T18:52:50.476Z;2025-12-02;false;true
O000043;P00056;1;509.42;137.24;2026-06-07T18:52:50.476Z;2025-12-02;false;true
O000044;P00007;3;623.72;6.12;2026-06-07T18:52:43.539Z;2025-12-01;false;true
O000044;P00029;3;324.58;62.37;2026-06-07T18:52:43.539Z;2025-12-01;false;true
O000045;P00007;2;765.90;48.36;2026-06-07T18:52:43.539Z;2025-12-01;false;true
O000045;P00027;3;328.63;31.19;2026-06-07T18:52:43.539Z;2025-12-01;false;true
O000046;P00007;1;273.37;66.2;2026-06-07T18:52:43.539Z;2025-12-01;false;true
O000046;P00013;1;606.99;37.45;2026-06-07T18:52:50.476Z;2025-12-02;false;true
O000046;P00025;1;542.85;57.9;2026-06-07T18:52:50.476Z;2025-12-02;false;true
O000046;P00027;2;415.03;71.56;2026-06-07T18:52:50.476Z;2025-12-02;false;true
O000046;P00038;3;527.33;128.39;2026-06-07T18:52:43.539Z;2025-12-01;false;true
O000046;P00047;2;232.54;27.46;2026-06-07T18:52:43.539Z;2025-12-01;false;true
O000046;P00058;3;372.93;52.5;2026-06-07T18:52:50.476Z;2025-12-02;false;true
O000047;P00015;1;191.25;37.07;2026-06-07T18:52:43.539Z;2025-12-01;false;true
O000047;P00046;3;517.59;37.74;2026-06-07T18:52:43.539Z;2025-12-01;false;true
O000047;P00059;3;134.11;36.37;2026-06-07T18:52:43.539Z;2025-12-01;false;true
O000047;P00060;1;213.47;61.9;2026-06-07T18:52:43.539Z;2025-12-01;false;true
O000048;P00001;1;170.19;25.51;2026-06-07T18:52:43.539Z;2025-12-01;false;true
O000048;P00025;3;192.07;28.86;2026-06-07T18:52:43.539Z;2025-12-01;false;true
O000048;P00026;1;537.88;33.6;2026-06-07T18:52:43.539Z;2025-12-01;false;true
O000049;P00003;1;691.00;198.03;2026-06-07T18:52:43.539Z;2025-12-01;false;true
O000049;P00034;3;372.95;98.23;2026-06-07T18:52:43.539Z;2025-12-01;false;true
O000049;P00035;3;569.46;153.62;2026-06-07T18:52:50.476Z;2025-12-02;false;true
O000049;P00044;2;320.90;36.47;2026-06-07T18:52:50.476Z;2025-12-02;false;true
O000049;P00045;1;399.38;110.68;2026-06-07T18:52:50.476Z;2025-12-02;false;true
O000050;P00017;2;407.29;121.86;2026-06-07T18:52:43.539Z;2025-12-01;false;true
O000050;P00027;;22.47;5.57;2026-06-07T18:52:50.476Z;2025-12-02;true;false
O000050;P00033;1;692.18;167.59;2026-06-07T18:52:43.539Z;2025-12-01;false;true
O000050;P00055;1;420.46;120.94;2026-06-07T18:52:43.539Z;2025-12-01;false;true
O000050;P00057;3;511.01;102.61;2026-06-07T18:52:50.476Z;2025-12-02;false;true
O000050;P00059;3;197.69;2.18;2026-06-07T18:52:43.539Z;2025-12-01;false;true
O000051;P00008;1;275.51;69.37;2026-06-07T18:52:43.539Z;2025-12-01;false;true
O000051;P00019;1;512.88;39.44;2026-06-07T18:52:43.539Z;2025-12-01;false;true
O000051;P00030;2;375.34;48.0;2026-06-07T18:52:43.539Z;2025-12-01;false;true
O000051;P00041;1;676.25;10.69;2026-06-07T18:52:43.539Z;2025-12-01;false;true
O000052;P00019;2;412.99;4.96;2026-06-07T18:52:43.539Z;2025-12-01;false;true
O000052;P00023;3;356.15;12.43;2026-06-07T18:52:43.539Z;2025-12-01;false;true
O000052;P00034;3;257.81;17.79;2026-06-07T18:52:43.539Z;2025-12-01;false;true
O000053;P00016;3;18.80;1.02;2026-06-07T18:52:43.539Z;2025-12-01;false;true
O000053;P00017;2;695.82;200.45;2026-06-07T18:52:43.539Z;2025-12-01;false;true
O000053;P00046;1;722.86;147.06;2026-06-07T18:52:43.539Z;2025-12-01;false;true
O000053;P00057;3;704.34;15.77;2026-06-07T18:52:50.476Z;2025-12-02;false;true
O000053;P00059;1;557.12;5.29;2026-06-07T18:52:50.476Z;2025-12-02;false;true
O000054;P00017;1;442.43;82.33;2026-06-07T18:52:43.539Z;2025-12-01;false;true
O000054;P00051;1;469.89;41.79;2026-06-07T18:52:50.476Z;2025-12-02;false;true
O000054;P00058;2;449.51;63.85;2026-06-07T18:52:50.476Z;2025-12-02;false;true
O000055;P00014;1;378.18;12.13;2026-06-07T18:52:43.539Z;2025-12-01;false;true
O000055;P00015;3;653.47;172.76;2026-06-07T18:52:43.539Z;2025-12-01;false;true
O000056;P00053;1;736.97;34.37;2026-06-07T18:52:43.539Z;2025-12-01;false;true
O000056;P00059;3;495.40;19.87;2026-06-07T18:52:43.539Z;2025-12-01;false;true
O000057;P00029;1;193.39;33.23;2026-06-07T18:52:43.539Z;2025-12-01;false;true
O000057;P00037;2;262.28;44.72;2026-06-07T18:52:43.539Z;2025-12-01;false;true
O000057;P00038;2;160.04;11.32;2026-06-07T18:52:43.539Z;2025-12-01;false;true
O000058;P00015;2;498.81;2.86;2026-06-07T18:52:43.539Z;2025-12-01;false;true
O000059;P00017;2;289.12;51.61;2026-06-07T18:52:43.539Z;2025-12-01;false;true
O000059;P00025;3;783.18;76.1;2026-06-07T18:52:43.539Z;2025-12-01;false;true
O000059;P00033;2;111.89;4.07;2026-06-07T18:52:43.539Z;2025-12-01;false;true
O000060;P00003;3;672.92;99.74;2026-06-07T18:52:50.476Z;2025-12-02;false;true
O000060;P00006;1;775.99;206.99;2026-06-07T18:52:50.476Z;2025-12-02;false;true
O000060;P00016;2;164.26;10.47;2026-06-07T18:52:50.476Z;2025-12-02;false;true
O000060;P00020;2;303.12;80.48;2026-06-07T18:52:43.539Z;2025-12-01;false;true
O000060;P00023;1;602.39;112.66;2026-06-07T18:52:43.539Z;2025-12-01;false;true
O000060;P00042;2;357.10;65.33;2026-06-07T18:52:43.539Z;2025-12-01;false;true
O000060;P00056;1;562.92;81.66;2026-06-07T18:52:43.539Z;2025-12-01;false;true
O000061;P00020;3;50.00;18.17;2026-06-07T18:52:43.539Z;2025-12-01;false;true
O000062;P00033;2;703.40;126.15;2026-06-07T18:52:50.476Z;2025-12-02;false;true
O000062;P00038;0;321.98;0.0;2026-06-07T18:52:50.476Z;2025-12-02;false;true
O000063;P00022;1;21.62;2.48;2026-06-07T18:52:43.539Z;2025-12-01;false;true
O000063;P00026;2;185.99;29.92;2026-06-07T18:52:43.539Z;2025-12-01;false;true
O000063;P00035;3;505.61;6.76;2026-06-07T18:52:43.539Z;2025-12-01;false;true
O000064;P00023;1;39.52;11.05;2026-06-07T18:52:43.539Z;2025-12-01;false;true
O000064;P00050;2;361.46;97.62;2026-06-07T18:52:43.539Z;2025-12-01;false;true
O000065;P00055;1;502.67;21.67;2026-06-07T18:52:43.539Z;2025-12-01;false;true
O000066;P00002;2;20.14;2.09;2026-06-07T18:52:43.539Z;2025-12-01;false;true
O000067;P00006;3;604.54;11.23;2026-06-07T18:52:43.539Z;2025-12-01;false;true
O000067;P00022;2;611.25;158.02;2026-06-07T18:52:43.539Z;2025-12-01;false;true
O000068;P00034;2;640.64;109.47;2026-06-07T18:52:43.539Z;2025-12-01;false;true
O000069;P00059;1;228.49;46.67;2026-06-07T18:52:43.539Z;2025-12-01;false;true
O000070;P00016;2;783.71;74.66;2026-06-07T18:52:50.476Z;2025-12-02;false;true
O000070;P00019;1;413.43;94.86;2026-06-07T18:52:50.476Z;2025-12-02;false;true
O000070;P00022;2;690.98;108.17;2026-06-07T18:52:50.476Z;2025-12-02;false;true
O000070;P00045;1;395.30;14.95;2026-06-07T18:52:50.476Z;2025-12-02;false;true
O000070;P00054;3;482.73;126.85;2026-06-07T18:52:43.539Z;2025-12-01;false;true
O000070;P00055;1;369.57;95.96;2026-06-07T18:52:43.539Z;2025-12-01;false;true
O000071;P00016;1;50.00;0.0;2026-06-07T18:52:43.539Z;2025-12-01;false;true
O000071;P00022;2;426.60;78.03;2026-06-07T18:52:43.539Z;2025-12-01;false;true
O000072;P00002;2;643.47;38.57;2026-06-07T18:52:43.539Z;2025-12-01;false;true
O000072;P00029;3;257.63;16.02;2026-06-07T18:52:43.539Z;2025-12-01;false;true
O000072;P00047;1;474.06;69.69;2026-06-07T18:52:43.539Z;2025-12-01;false;true
O000072;P00055;3;390.24;35.59;2026-06-07T18:52:43.539Z;2025-12-01;false;true
O000073;P00017;;57.69;10.33;2026-06-07T18:52:43.539Z;2025-12-01;true;false
O000073;P00038;2;495.04;7.94;2026-06-07T18:52:43.539Z;2025-12-01;false;true
O000073;P00060;2;25.41;6.61;2026-06-07T18:52:43.539Z;2025-12-01;false;true
O000074;P00006;1;254.78;6.62;2026-06-07T18:52:50.476Z;2025-12-02;false;true
O000074;P00032;1;554.25;91.97;2026-06-07T18:52:43.539Z;2025-12-01;false;true
O000074;P00042;1;20.98;3.81;2026-06-07T18:52:43.539Z;2025-12-01;false;true
O000074;P00044;2;280.21;75.06;2026-06-07T18:52:50.476Z;2025-12-02;false;true
O000074;P00046;2;;146.41;2026-06-07T18:52:43.539Z;2025-12-01;false;false
O000074;P00048;1;;68.47;2026-06-07T18:52:43.539Z;2025-12-01;false;false
O000074;P00053;3;494.45;84.76;2026-06-07T18:52:50.476Z;2025-12-02;false;true
O000075;P00031;2;736.31;71.88;2026-06-07T18:52:43.539Z;2025-12-01;false;true
O000075;P00042;1;220.32;34.47;2026-06-07T18:52:50.476Z;2025-12-02;false;true
O000076;P00008;1;729.25;87.8;2026-06-07T18:52:43.539Z;2025-12-01;false;true
O000077;P00015;2;171.38;46.43;2026-06-07T18:52:43.539Z;2025-12-01;false;true
O000077;P00023;2;407.55;113.77;2026-06-07T18:52:43.539Z;2025-12-01;false;true
O000077;P00029;1;395.65;29.3;2026-06-07T18:52:43.539Z;2025-12-01;false;true
O000077;P00048;2;;112.45;2026-06-07T18:52:43.539Z;2025-12-01;false;false
O000078;P00006;3;433.85;38.16;2026-06-07T18:52:43.539Z;2025-12-01;false;true
O000078;P00037;2;743.80;158.66;2026-06-07T18:52:43.539Z;2025-12-01;false;true
O000078;P00044;2;50.58;3.85;2026-06-07T18:52:43.539Z;2025-12-01;false;true
O000079;P00013;1;244.63;67.71;2026-06-07T18:52:43.539Z;2025-12-01;false;true
O000079;P00044;2;133.39;24.07;2026-06-07T18:52:43.539Z;2025-12-01;false;true
O000079;P00059;2;464.91;0.0;2026-06-07T18:52:43.539Z;2025-12-01;false;true
O000080;P00025;2;315.08;2.7;2026-06-07T18:52:43.539Z;2025-12-01;false;true
O000080;P00041;2;664.96;42.79;2026-06-07T18:52:43.539Z;2025-12-01;false;true
O000080;P00056;;447.13;48.54;2026-06-07T18:52:43.539Z;2025-12-01;true;false
O000081;P00005;1;694.34;206.68;2026-06-07T18:52:43.539Z;2025-12-01;false;true
O000081;P00034;2;19.72;2.51;2026-06-07T18:52:43.539Z;2025-12-01;false;true
O000081;P00045;2;202.37;53.17;2026-06-07T18:52:43.539Z;2025-12-01;false;true
O000082;P00015;3;375.71;99.67;2026-06-07T18:52:43.539Z;2025-12-01;false;true
O000083;P00002;1;702.44;30.86;2026-06-07T18:52:43.539Z;2025-12-01;false;true
O000083;P00011;2;80.75;7.66;2026-06-07T18:52:43.539Z;2025-12-01;false;true
O000083;P00025;3;447.90;69.99;2026-06-07T18:52:43.539Z;2025-12-01;false;true
O000084;P00011;3;180.02;22.32;2026-06-07T18:52:43.539Z;2025-12-01;false;true
O000084;P00024;3;206.52;54.75;2026-06-07T18:52:43.539Z;2025-12-01;false;true
O000084;P00033;1;539.01;7.22;2026-06-07T18:52:43.539Z;2025-12-01;false;true
O000085;P00024;2;38.23;9.29;2026-06-07T18:52:43.539Z;2025-12-01;false;true
O000085;P00047;3;21.32;1.92;2026-06-07T18:52:43.539Z;2025-12-01;false;true
O000086;P00010;1;691.51;151.59;2026-06-07T18:52:43.539Z;2025-12-01;false;true
O000086;P00029;3;372.14;19.67;2026-06-07T18:52:43.539Z;2025-12-01;false;true
O000086;P00047;1;609.19;171.33;2026-06-07T18:52:43.539Z;2025-12-01;false;true
O000086;P00056;1;200.69;44.96;2026-06-07T18:52:43.539Z;2025-12-01;false;true
O000087;P00021;1;434.93;2.01;2026-06-07T18:52:43.539Z;2025-12-01;false;true
O000088;P00006;2;519.52;50.24;2026-06-07T18:52:43.539Z;2025-12-01;false;true
O000088;P00026;3;715.93;10.03;2026-06-07T18:52:43.539Z;2025-12-01;false;true
O000088;P00041;2;770.73;109.57;2026-06-07T18:52:43.539Z;2025-12-01;false;true
O000089;P00022;2;480.02;90.08;2026-06-07T18:52:43.539Z;2025-12-01;false;true
O000089;P00027;2;27.89;2.15;2026-06-07T18:52:50.476Z;2025-12-02;false;true
O000089;P00044;3;67.05;13.76;2026-06-07T18:52:43.539Z;2025-12-01;false;true
O000089;P00046;2;537.41;61.57;2026-06-07T18:52:43.539Z;2025-12-01;false;true
O000089;P00047;2;528.17;83.42;2026-06-07T18:52:50.476Z;2025-12-02;false;true
O000090;P00011;1;333.53;4.99;2026-06-07T18:52:43.539Z;2025-12-01;false;true
O000090;P00015;3;18.97;2.02;2026-06-07T18:52:50.476Z;2025-12-02;false;true
O000091;P00019;1;339.20;56.33;2026-06-07T18:52:50.476Z;2025-12-02;false;true
O000091;P00055;3;332.92;28.31;2026-06-07T18:52:43.539Z;2025-12-01;false;true
O000091;P00057;2;179.03;45.58;2026-06-07T18:52:43.539Z;2025-12-01;false;true
O000092;P00031;1;523.60;123.62;2026-06-07T18:52:43.539Z;2025-12-01;false;true
O000092;P00042;3;276.03;42.41;2026-06-07T18:52:43.539Z;2025-12-01;false;true
O000092;P00047;2;90.99;23.1;2026-06-07T18:52:43.539Z;2025-12-01;false;true
O000092;P00056;1;586.45;44.43;2026-06-07T18:52:43.539Z;2025-12-01;false;true
O000093;P00022;2;659.00;125.63;2026-06-07T18:52:43.539Z;2025-12-01;false;true
O000093;P00048;1;450.05;26.5;2026-06-07T18:52:43.539Z;2025-12-01;false;true
O000094;P00006;1;576.43;140.85;2026-06-07T18:52:43.539Z;2025-12-01;false;true
O000094;P00025;1;77.53;14.25;2026-06-07T18:52:43.539Z;2025-12-01;false;true
O000095;P00021;3;80.81;21.67;2026-06-07T18:52:43.539Z;2025-12-01;false;true
O000096;P00017;1;142.93;26.99;2026-06-07T18:52:43.539Z;2025-12-01;false;true
O000096;P00018;1;148.82;6.12;2026-06-07T18:52:43.539Z;2025-12-01;false;true
O000096;P00037;2;45.48;5.37;2026-06-07T18:52:43.539Z;2025-12-01;false;true
O000096;P00045;2;55.85;15.15;2026-06-07T18:52:43.539Z;2025-12-01;false;true
O000097;P00038;1;290.23;69.32;2026-06-07T18:52:43.539Z;2025-12-01;false;true
O000097;P00045;2;235.82;27.48;2026-06-07T18:52:43.539Z;2025-12-01;false;true
O000097;P00060;1;86.61;12.18;2026-06-07T18:52:43.539Z;2025-12-01;false;true
O000098;P00003;2;486.13;133.17;2026-06-07T18:52:43.539Z;2025-12-01;false;true
O000098;P00006;3;207.82;29.3;2026-06-07T18:52:50.476Z;2025-12-02;false;true
O000098;P00015;2;347.85;75.88;2026-06-07T18:52:50.476Z;2025-12-02;false;true
O000098;P00025;1;455.44;112.08;2026-06-07T18:52:43.539Z;2025-12-01;false;true
O000098;P00034;2;752.33;63.52;2026-06-07T18:52:50.476Z;2025-12-02;false;true
O000098;P00039;3;86.85;10.98;2026-06-07T18:52:43.539Z;2025-12-01;false;true
O000098;P00046;3;652.40;81.16;2026-06-07T18:52:50.476Z;2025-12-02;false;true
O000098;P00055;;513.86;92.12;2026-06-07T18:52:43.539Z;2025-12-01;true;false
O000099;P00001;2;676.35;151.05;2026-06-07T18:52:43.539Z;2025-12-01;false;true
O000099;P00031;3;372.15;1.92;2026-06-07T18:52:43.539Z;2025-12-01;false;true
O000100;P00005;3;534.73;51.48;2026-06-07T18:52:43.539Z;2025-12-01;false;true
O000101;P00010;3;291.93;82.99;2026-06-07T18:52:43.539Z;2025-12-01;false;true
O000101;P00036;3;300.42;67.38;2026-06-07T18:52:43.539Z;2025-12-01;false;true
O000102;P00018;2;723.66;89.85;2026-06-07T18:52:43.539Z;2025-12-01;false;true
O000102;P00035;3;459.57;76.22;2026-06-07T18:52:43.539Z;2025-12-01;false;true
O000103;P00001;2;701.93;31.93;2026-06-07T18:52:43.539Z;2025-12-01;false;true
O000103;P00011;1;746.45;139.05;2026-06-07T18:52:43.539Z;2025-12-01;false;true
O000103;P00012;2;701.32;5.75;2026-06-07T18:52:50.476Z;2025-12-02;false;true
O000103;P00025;2;300.09;17.54;2026-06-07T18:52:43.539Z;2025-12-01;false;true
O000103;P00027;3;486.95;117.75;2026-06-07T18:52:50.476Z;2025-12-02;false;true
O000103;P00045;3;475.17;126.14;2026-06-07T18:52:50.476Z;2025-12-02;false;true
O000103;P00047;1;548.58;159.87;2026-06-07T18:52:43.539Z;2025-12-01;false;true
O000103;P00059;1;771.80;133.17;2026-06-07T18:52:50.476Z;2025-12-02;false;true
O000104;P00006;3;625.13;179.84;2026-06-07T18:52:43.539Z;2025-12-01;false;true
O000104;P00040;3;653.43;167.96;2026-06-07T18:52:43.539Z;2025-12-01;false;true
O000104;P00042;2;306.29;73.8;2026-06-07T18:52:43.539Z;2025-12-01;false;true
O000105;P00047;1;151.11;9.64;2026-06-07T18:52:43.539Z;2025-12-01;false;true
O000105;P00056;3;300.01;65.28;2026-06-07T18:52:43.539Z;2025-12-01;false;true
O000106;P00010;1;329.02;16.98;2026-06-07T18:52:43.539Z;2025-12-01;false;true
O000106;P00021;1;395.65;11.22;2026-06-07T18:52:43.539Z;2025-12-01;false;true
O000106;P00059;1;728.63;77.51;2026-06-07T18:52:43.539Z;2025-12-01;false;true
O000107;P00026;3;229.04;46.54;2026-06-07T18:52:43.539Z;2025-12-01;false;true
O000107;P00033;3;456.87;59.06;2026-06-07T18:52:43.539Z;2025-12-01;false;true
O000107;P00042;3;286.17;13.42;2026-06-07T18:52:43.539Z;2025-12-01;false;true
O000108;P00032;1;210.90;17.53;2026-06-07T18:52:43.539Z;2025-12-01;false;true
O000108;P00039;3;303.39;43.18;2026-06-07T18:52:43.539Z;2025-12-01;false;true
O000108;P00040;2;257.03;47.93;2026-06-07T18:52:43.539Z;2025-12-01;false;true
O000108;P00041;2;674.09;24.81;2026-06-07T18:52:43.539Z;2025-12-01;false;true
O000109;P00013;3;633.60;181.32;2026-06-07T18:52:43.539Z;2025-12-01;false;true
O000109;P00038;1;795.63;6.79;2026-06-07T18:52:50.476Z;2025-12-02;false;true
O000109;P00045;2;110.71;31.02;2026-06-07T18:52:43.539Z;2025-12-01;false;true
O000109;P00052;2;613.21;80.32;2026-06-07T18:52:43.539Z;2025-12-01;false;true
O000110;P00030;;36.60;7.89;2026-06-07T18:52:43.539Z;2025-12-01;true;false
O2000001;P00011;3;129.77;2.47;2026-06-07T18:52:50.476Z;2025-12-02;false;true
O2000001;P00040;1;741.08;219.02;2026-06-07T18:52:50.476Z;2025-12-02;false;true
O2000001;P00046;2;109.78;6.21;2026-06-07T18:52:50.476Z;2025-12-02;false;true
O2000002;P00047;3;120.61;17.43;2026-06-07T18:52:50.476Z;2025-12-02;false;true
O2000002;P00054;3;400.75;76.75;2026-06-07T18:52:50.476Z;2025-12-02;false;true
O2000003;P00016;3;155.03;30.52;2026-06-07T18:52:50.476Z;2025-12-02;false;true
O2000003;P00029;3;700.89;104.32;2026-06-07T18:52:50.476Z;2025-12-02;false;true
O2000003;P00044;3;47.75;4.06;2026-06-07T18:52:50.476Z;2025-12-02;false;true
O2000003;P00048;1;739.22;149.06;2026-06-07T18:52:50.476Z;2025-12-02;false;true
O2000004;P00028;3;798.62;151.42;2026-06-07T18:52:50.476Z;2025-12-02;false;true
O2000004;P00032;1;646.03;94.31;2026-06-07T18:52:50.476Z;2025-12-02;false;true
O2000005;P00011;3;274.70;54.76;2026-06-07T18:52:50.476Z;2025-12-02;false;true
O2000005;P00031;1;121.30;26.19;2026-06-07T18:52:50.476Z;2025-12-02;false;true
O2000006;P00015;1;496.17;13.77;2026-06-07T18:52:50.476Z;2025-12-02;false;true
O2000006;P00043;2;318.51;91.88;2026-06-07T18:52:50.476Z;2025-12-02;false;true
O2000007;P00045;2;328.19;22.74;2026-06-07T18:52:50.476Z;2025-12-02;false;true
O2000007;P00059;1;156.55;38.13;2026-06-07T18:52:50.476Z;2025-12-02;false;true
O2000008;P00039;3;750.41;204.51;2026-06-07T18:52:50.476Z;2025-12-02;false;true
O2000008;P00041;3;419.65;110.71;2026-06-07T18:52:50.476Z;2025-12-02;false;true
O2000008;P00043;1;352.42;78.71;2026-06-07T18:52:50.476Z;2025-12-02;false;true
O2000008;P00051;3;274.44;27.27;2026-06-07T18:52:50.476Z;2025-12-02;false;true
O2000009;P00015;3;99.90;88.56;2026-06-07T18:52:50.476Z;2025-12-02;false;true
O2000009;P00055;3;750.03;141.31;2026-06-07T18:52:50.476Z;2025-12-02;false;true
O2000009;P00057;3;763.70;81.38;2026-06-07T18:52:50.476Z;2025-12-02;false;true
O2000009;P00060;1;384.01;88.72;2026-06-07T18:52:50.476Z;2025-12-02;false;true
O2000010;P00043;1;313.61;73.43;2026-06-07T18:52:50.476Z;2025-12-02;false;true
O2000011;P00014;2;299.66;50.76;2026-06-07T18:52:50.476Z;2025-12-02;false;true
O2000011;P00029;2;37.81;10.08;2026-06-07T18:52:50.476Z;2025-12-02;false;true
O2000012;P00014;3;640.67;89.08;2026-06-07T18:52:50.476Z;2025-12-02;false;true
O2000012;P00020;3;173.87;15.6;2026-06-07T18:52:50.476Z;2025-12-02;false;true
O2000012;P00037;3;78.43;17.71;2026-06-07T18:52:50.476Z;2025-12-02;false;true
O2000012;P00042;2;396.04;94.17;2026-06-07T18:52:50.476Z;2025-12-02;false;true
O2000013;P00024;1;726.02;132.47;2026-06-07T18:52:50.476Z;2025-12-02;false;true
O2000013;P00028;2;389.76;86.83;2026-06-07T18:52:50.476Z;2025-12-02;false;true
O2000013;P00037;2;528.26;63.41;2026-06-07T18:52:50.476Z;2025-12-02;false;true
O2000013;P00039;2;479.65;31.98;2026-06-07T18:52:50.476Z;2025-12-02;false;true
O2000014;P00056;1;258.65;74.25;2026-06-07T18:52:50.476Z;2025-12-02;false;true
O2000015;P00015;3;434.99;117.67;2026-06-07T18:52:50.476Z;2025-12-02;false;true
O2000015;P00020;3;703.18;49.71;2026-06-07T18:52:50.476Z;2025-12-02;false;true
O2000015;P00040;2;582.15;147.52;2026-06-07T18:52:50.476Z;2025-12-02;false;true
O2000015;P00044;3;605.56;48.56;2026-06-07T18:52:50.476Z;2025-12-02;false;true
O2000016;P00013;3;218.45;4.37;2026-06-07T18:52:50.476Z;2025-12-02;false;true
O2000016;P00033;3;494.24;22.06;2026-06-07T18:52:50.476Z;2025-12-02;false;true
O2000016;P00050;3;564.10;2.88;2026-06-07T18:52:50.476Z;2025-12-02;false;true
O2000017;P00020;3;;118.04;2026-06-07T18:52:50.476Z;2025-12-02;false;false
O2000017;P00038;3;442.18;117.5;2026-06-07T18:52:50.476Z;2025-12-02;false;true
O2000018;P00014;3;252.58;25.44;2026-06-07T18:52:50.476Z;2025-12-02;false;true
O2000018;P00015;1;86.07;11.72;2026-06-07T18:52:50.476Z;2025-12-02;false;true
O2000018;P00047;2;40.02;11.46;2026-06-07T18:52:50.476Z;2025-12-02;false;true
O2000019;P00006;2;557.11;0.0;2026-06-07T18:52:50.476Z;2025-12-02;false;true
O2000019;P00021;1;170.46;14.32;2026-06-07T18:52:50.476Z;2025-12-02;false;true
O2000019;P00043;3;597.93;93.24;2026-06-07T18:52:50.476Z;2025-12-02;false;true
O2000019;P00052;3;306.28;18.72;2026-06-07T18:52:50.476Z;2025-12-02;false;true
O2000020;P00035;2;417.02;17.62;2026-06-07T18:52:50.476Z;2025-12-02;false;true
O2000021;P00044;3;575.59;124.72;2026-06-07T18:52:50.476Z;2025-12-02;false;true
O2000022;P00013;;11.10;2.88;2026-06-07T18:52:50.476Z;2025-12-02;true;false
O2000022;P00019;3;63.15;6.04;2026-06-07T18:52:50.476Z;2025-12-02;false;true
O2000022;P00034;2;110.00;29.87;2026-06-07T18:52:50.476Z;2025-12-02;false;true
O2000022;P00037;1;547.44;133.55;2026-06-07T18:52:50.476Z;2025-12-02;false;true
O2000023;P00015;1;562.65;48.57;2026-06-07T18:52:50.476Z;2025-12-02;false;true
O2000023;P00018;2;737.61;70.06;2026-06-07T18:52:50.476Z;2025-12-02;false;true
O2000023;P00019;2;348.13;83.01;2026-06-07T18:52:50.476Z;2025-12-02;false;true
O2000023;P00020;3;138.75;9.75;2026-06-07T18:52:50.476Z;2025-12-02;false;true
O2000024;P00009;;401.87;110.53;2026-06-07T18:52:50.476Z;2025-12-02;true;false
O2000024;P00011;2;412.60;56.57;2026-06-07T18:52:50.476Z;2025-12-02;false;true
O2000024;P00031;2;248.88;43.44;2026-06-07T18:52:50.476Z;2025-12-02;false;true
O2000024;P00045;2;248.48;6.87;2026-06-07T18:52:50.476Z;2025-12-02;false;true
O2000025;P00039;2;566.28;10.14;2026-06-07T18:52:50.476Z;2025-12-02;false;true
O2000025;P00048;1;270.20;65.4;2026-06-07T18:52:50.476Z;2025-12-02;false;true
O2000026;P00005;2;716.78;52.68;2026-06-07T18:52:50.476Z;2025-12-02;false;true
O2000026;P00039;2;429.34;24.63;2026-06-07T18:52:50.476Z;2025-12-02;false;true
O2000027;P00042;2;;83.3;2026-06-07T18:52:50.476Z;2025-12-02;false;false
O2000028;P00028;1;74.96;2.48;2026-06-07T18:52:50.476Z;2025-12-02;false;true
O2000028;P00057;2;658.80;61.7;2026-06-07T18:52:50.476Z;2025-12-02;false;true
O2000029;P00026;2;322.55;73.2;2026-06-07T18:52:50.476Z;2025-12-02;false;true
O2000029;P00028;3;99.90;4.19;2026-06-07T18:52:50.476Z;2025-12-02;false;true
O2000029;P00037;3;32.64;3.16;2026-06-07T18:52:50.476Z;2025-12-02;false;true
O2000030;P00025;1;240.83;27.67;2026-06-07T18:52:50.476Z;2025-12-02;false;true
O2000030;P00026;2;472.67;71.46;2026-06-07T18:52:50.476Z;2025-12-02;false;true
O2000030;P00045;1;351.35;26.33;2026-06-07T18:52:50.476Z;2025-12-02;false;true
O2000030;P00051;2;300.76;36.89;2026-06-07T18:52:50.476Z;2025-12-02;false;true
O2000031;P00012;1;460.52;136.11;2026-06-07T18:52:50.476Z;2025-12-02;false;true
O2000031;P00021;3;457.79;118.74;2026-06-07T18:52:50.476Z;2025-12-02;false;true
O2000031;P00048;3;224.36;5.34;2026-06-07T18:52:50.476Z;2025-12-02;false;true
O2000031;P00058;2;80.51;11.81;2026-06-07T18:52:50.476Z;2025-12-02;false;true
O2000032;P00008;3;686.83;29.43;2026-06-07T18:52:50.476Z;2025-12-02;false;true
O2000032;P00027;1;376.52;63.84;2026-06-07T18:52:50.476Z;2025-12-02;false;true
O2000033;P00013;2;295.33;28.72;2026-06-07T18:52:50.476Z;2025-12-02;false;true
O2000034;P00039;3;167.90;6.09;2026-06-07T18:52:50.476Z;2025-12-02;false;true
O2000035;P00018;3;505.77;6.69;2026-06-07T18:52:50.476Z;2025-12-02;false;true
O2000035;P00050;2;206.84;32.99;2026-06-07T18:52:50.476Z;2025-12-02;false;true
O2000035;P00060;2;84.96;15.78;2026-06-07T18:52:50.476Z;2025-12-02;false;true
O2000036;P00004;2;383.76;3.11;2026-06-07T18:52:50.476Z;2025-12-02;false;true
O2000037;P00010;2;700.95;50.23;2026-06-07T18:52:50.476Z;2025-12-02;false;true
O2000037;P00019;3;571.36;154.89;2026-06-07T18:52:50.476Z;2025-12-02;false;true
O2000037;P00030;1;145.19;9.58;2026-06-07T18:52:50.476Z;2025-12-02;false;true
O2000037;P00046;1;659.54;172.47;2026-06-07T18:52:50.476Z;2025-12-02;false;true
O2000038;P00021;1;472.59;105.26;2026-06-07T18:52:50.476Z;2025-12-02;false;true
O2000038;P00032;3;539.49;43.56;2026-06-07T18:52:50.476Z;2025-12-02;false;true
O2000038;P00035;3;416.46;91.5;2026-06-07T18:52:50.476Z;2025-12-02;false;true
O2000039;P00008;1;;201.86;2026-06-07T18:52:50.476Z;2025-12-02;false;false
O2000039;P00012;2;56.06;14.55;2026-06-07T18:52:50.476Z;2025-12-02;false;true
O2000039;P00057;1;758.69;95.6;2026-06-07T18:52:50.476Z;2025-12-02;false;true
O2000040;P00014;3;123.53;4.29;2026-06-07T18:52:50.476Z;2025-12-02;false;true
O2000040;P00018;3;12.94;0.0;2026-06-07T18:52:50.476Z;2025-12-02;false;true
O2000040;P00038;2;792.91;155.05;2026-06-07T18:52:50.476Z;2025-12-02;false;true
O2000041;P00021;3;84.74;8.09;2026-06-07T18:52:50.476Z;2025-12-02;false;true
O2000041;P00037;2;79.96;14.04;2026-06-07T18:52:50.476Z;2025-12-02;false;true
O2000041;P00040;1;425.32;53.21;2026-06-07T18:52:50.476Z;2025-12-02;false;true
O2000042;P00052;1;688.46;13.72;2026-06-07T18:52:50.476Z;2025-12-02;false;true
O2000042;P00054;1;30.57;6.89;2026-06-07T18:52:50.476Z;2025-12-02;false;true
O2000043;P00025;1;569.62;2.1;2026-06-07T18:52:50.476Z;2025-12-02;false;true
O2000043;P00028;3;56.12;11.25;2026-06-07T18:52:50.476Z;2025-12-02;false;true
O2000044;P00003;2;78.83;19.16;2026-06-07T18:52:50.476Z;2025-12-02;false;true
O2000044;P00017;2;389.36;111.0;2026-06-07T18:52:50.476Z;2025-12-02;false;true
O2000044;P00022;3;478.63;138.16;2026-06-07T18:52:50.476Z;2025-12-02;false;true
O2000044;P00048;2;169.27;33.04;2026-06-07T18:52:50.476Z;2025-12-02;false;true
O2000045;P00022;1;726.57;198.82;2026-06-07T18:52:50.476Z;2025-12-02;false;true
O2000045;P00033;2;649.23;98.77;2026-06-07T18:52:50.476Z;2025-12-02;false;true
O2000046;P00026;1;256.37;30.9;2026-06-07T18:52:50.476Z;2025-12-02;false;true
O2000046;P00035;3;521.69;150.51;2026-06-07T18:52:50.476Z;2025-12-02;false;true
O2000047;P00017;1;53.95;11.88;2026-06-07T18:52:50.476Z;2025-12-02;false;true
O2000047;P00023;1;467.27;138.47;2026-06-07T18:52:50.476Z;2025-12-02;false;true
O2000047;P00046;3;195.38;1.86;2026-06-07T18:52:50.476Z;2025-12-02;false;true
O2000048;P00026;1;688.43;117.63;2026-06-07T18:52:50.476Z;2025-12-02;false;true
O2000048;P00034;2;781.75;203.97;2026-06-07T18:52:50.476Z;2025-12-02;false;true
O2000048;P00035;2;68.94;15.05;2026-06-07T18:52:50.476Z;2025-12-02;false;true
O2000048;P00045;3;64.67;18.07;2026-06-07T18:52:50.476Z;2025-12-02;false;true
O2000049;P00014;3;744.30;163.16;2026-06-07T18:52:50.476Z;2025-12-02;false;true
O2000049;P00019;1;194.97;40.15;2026-06-07T18:52:50.476Z;2025-12-02;false;true
O2000049;P00053;3;789.68;201.32;2026-06-07T18:52:50.476Z;2025-12-02;false;true
O2000050;P00004;1;451.57;77.06;2026-06-07T18:52:50.476Z;2025-12-02;false;true
O2000050;P00013;1;626.51;42.99;2026-06-07T18:52:50.476Z;2025-12-02;false;true
O2000050;P00020;3;704.15;192.33;2026-06-07T18:52:50.476Z;2025-12-02;false;true
O2000050;P00036;3;32.50;3.86;2026-06-07T18:52:50.476Z;2025-12-02;false;true
O2000051;P00009;1;30.00;3.36;2026-06-07T18:52:50.476Z;2025-12-02;false;true
O2000051;P00019;2;79.91;19.67;2026-06-07T18:52:50.476Z;2025-12-02;false;true
O2000051;P00022;2;495.43;5.0;2026-06-07T18:52:50.476Z;2025-12-02;false;true
O2000051;P00030;2;718.28;155.29;2026-06-07T18:52:50.476Z;2025-12-02;false;true
O2000052;P00025;1;196.80;7.76;2026-06-07T18:52:50.476Z;2025-12-02;false;true
O2000052;P00029;1;758.26;119.16;2026-06-07T18:52:50.476Z;2025-12-02;false;true
O2000052;P00048;1;19.32;0.1;2026-06-07T18:52:50.476Z;2025-12-02;false;true
O2000053;P00028;3;271.74;67.9;2026-06-07T18:52:50.476Z;2025-12-02;false;true
O2000054;P00038;1;159.01;2.55;2026-06-07T18:52:50.476Z;2025-12-02;false;true
O2000054;P00039;3;173.51;11.9;2026-06-07T18:52:50.476Z;2025-12-02;false;true
O2000054;P00044;2;;177.01;2026-06-07T18:52:50.476Z;2025-12-02;false;false
O2000055;P00003;3;522.13;154.86;2026-06-07T18:52:50.476Z;2025-12-02;false;true
O2000055;P00009;2;586.46;168.64;2026-06-07T18:52:50.476Z;2025-12-02;false;true
O2000055;P00040;1;636.83;30.81;2026-06-07T18:52:50.476Z;2025-12-02;false;true
O2000055;P00060;1;116.92;10.11;2026-06-07T18:52:50.476Z;2025-12-02;false;true
O2000056;P00008;2;457.85;23.73;2026-06-07T18:52:50.476Z;2025-12-02;false;true
O2000056;P00017;1;94.81;11.57;2026-06-07T18:52:50.476Z;2025-12-02;false;true
O2000056;P00030;1;22.17;4.53;2026-06-07T18:52:50.476Z;2025-12-02;false;true
O2000057;P00056;1;256.29;62.7;2026-06-07T18:52:50.476Z;2025-12-02;false;true
O2000058;P00020;1;751.83;181.58;2026-06-07T18:52:50.476Z;2025-12-02;false;true
O2000058;P00026;1;538.58;128.2;2026-06-07T18:52:50.476Z;2025-12-02;false;true
O2000058;P00046;2;229.38;34.67;2026-06-07T18:52:50.476Z;2025-12-02;false;true
O2000059;P00001;2;721.30;142.77;2026-06-07T18:52:50.476Z;2025-12-02;false;true
O2000060;P00025;2;28.84;4.57;2026-06-07T18:52:50.476Z;2025-12-02;false;true
O2000060;P00036;2;713.69;200.45;2026-06-07T18:52:50.476Z;2025-12-02;false;true
O2000060;P00047;1;615.86;0.0;2026-06-07T18:52:50.476Z;2025-12-02;false;true
O2000061;P00019;1;244.74;62.82;2026-06-07T18:52:50.476Z;2025-12-02;false;true
O2000062;P00056;3;604.45;25.33;2026-06-07T18:52:50.476Z;2025-12-02;false;true
O2000063;P00027;1;71.05;4.04;2026-06-07T18:52:50.476Z;2025-12-02;false;true
O2000063;P00029;3;428.71;0.65;2026-06-07T18:52:50.476Z;2025-12-02;false;true
O2000064;P00011;1;188.08;0.0;2026-06-07T18:52:50.476Z;2025-12-02;false;true
O2000064;P00017;1;638.51;60.37;2026-06-07T18:52:50.476Z;2025-12-02;false;true
O2000065;P00001;2;783.94;61.77;2026-06-07T18:52:50.476Z;2025-12-02;false;true
O2000065;P00002;3;499.55;10.61;2026-06-07T18:52:50.476Z;2025-12-02;false;true
O2000065;P00044;3;307.65;57.95;2026-06-07T18:52:50.476Z;2025-12-02;false;true
O2000066;P00012;3;600.26;87.32;2026-06-07T18:52:50.476Z;2025-12-02;false;true
O2000066;P00035;2;391.11;16.15;2026-06-07T18:52:50.476Z;2025-12-02;false;true
O2000066;P00058;1;296.38;42.66;2026-06-07T18:52:50.476Z;2025-12-02;false;true
O2000067;P00019;1;392.91;92.88;2026-06-07T18:52:50.476Z;2025-12-02;false;true
O2000067;P00026;2;30.29;3.07;2026-06-07T18:52:50.476Z;2025-12-02;false;true
O2000068;P00003;2;735.35;99.56;2026-06-07T18:52:50.476Z;2025-12-02;false;true
O2000068;P00010;1;480.30;78.18;2026-06-07T18:52:50.476Z;2025-12-02;false;true
O2000068;P00054;2;708.51;64.51;2026-06-07T18:52:50.476Z;2025-12-02;false;true
O2000068;P00056;1;16.08;3.98;2026-06-07T18:52:50.476Z;2025-12-02;false;true
O2000069;P00001;2;393.52;16.63;2026-06-07T18:52:50.476Z;2025-12-02;false;true
O2000069;P00015;3;741.70;200.4;2026-06-07T18:52:50.476Z;2025-12-02;false;true
O2000069;P00049;2;622.49;114.3;2026-06-07T18:52:50.476Z;2025-12-02;false;true
O2000070;P00010;1;145.47;7.42;2026-06-07T18:52:50.476Z;2025-12-02;false;true
O2000070;P00054;3;229.36;30.7;2026-06-07T18:52:50.476Z;2025-12-02;false;true
O2000071;P00050;1;261.62;37.8;2026-06-07T18:52:50.476Z;2025-12-02;false;true
O2000072;P00013;0;159.89;7.52;2026-06-07T18:52:50.476Z;2025-12-02;false;true
O2000072;P00034;3;607.75;154.37;2026-06-07T18:52:50.476Z;2025-12-02;false;true
O2000072;P00043;3;353.59;64.71;2026-06-07T18:52:50.476Z;2025-12-02;false;true
O2000073;P00054;;493.11;114.41;2026-06-07T18:52:50.476Z;2025-12-02;true;false
O2000074;P00028;2;197.49;40.77;2026-06-07T18:52:50.476Z;2025-12-02;false;true
O2000074;P00036;3;439.89;126.13;2026-06-07T18:52:50.476Z;2025-12-02;false;true
O2000074;P00054;2;;132.1;2026-06-07T18:52:50.476Z;2025-12-02;false;false
O2000075;P00042;2;279.15;46.31;2026-06-07T18:52:50.476Z;2025-12-02;false;true
O2000076;P00011;2;;45.8;2026-06-07T18:52:50.476Z;2025-12-02;false;false
O2000076;P00044;2;585.42;17.09;2026-06-07T18:52:50.476Z;2025-12-02;false;true
O2000076;P00045;2;424.66;7.15;2026-06-07T18:52:50.476Z;2025-12-02;false;true
O2000077;P00011;1;219.61;21.31;2026-06-07T18:52:50.476Z;2025-12-02;false;true
O2000077;P00026;2;146.13;33.67;2026-06-07T18:52:50.476Z;2025-12-02;false;true
O2000077;P00030;2;417.87;95.99;2026-06-07T18:52:50.476Z;2025-12-02;false;true
O2000078;P00042;3;137.22;1.46;2026-06-07T18:52:50.476Z;2025-12-02;false;true
O2000079;P00055;3;590.30;69.63;2026-06-07T18:52:50.476Z;2025-12-02;false;true
O2000080;P00044;3;647.71;100.9;2026-06-07T18:52:50.476Z;2025-12-02;false;true
O2000081;P00030;3;218.34;11.97;2026-06-07T18:52:50.476Z;2025-12-02;false;true
O2000081;P00055;2;224.62;16.66;2026-06-07T18:52:50.476Z;2025-12-02;false;true
O2000082;P00049;1;304.54;15.25;2026-06-07T18:52:50.476Z;2025-12-02;false;true
O2000082;P00057;1;271.33;5.41;2026-06-07T18:52:50.476Z;2025-12-02;false;true
O2000083;P00020;3;144.36;0.3;2026-06-07T18:52:50.476Z;2025-12-02;false;true
O2000083;P00043;1;777.93;203.83;2026-06-07T18:52:50.476Z;2025-12-02;false;true
O2000083;P00048;2;95.10;12.26;2026-06-07T18:52:50.476Z;2025-12-02;false;true
O2000084;P00033;1;235.37;57.11;2026-06-07T18:52:50.476Z;2025-12-02;false;true
O2000084;P00041;1;64.35;7.55;2026-06-07T18:52:50.476Z;2025-12-02;false;true
O2000084;P00047;3;115.46;10.69;2026-06-07T18:52:50.476Z;2025-12-02;false;true
O2000084;P00048;2;485.70;92.47;2026-06-07T18:52:50.476Z;2025-12-02;false;true
O2000085;P00026;3;180.11;3.38;2026-06-07T18:52:50.476Z;2025-12-02;false;true
O2000085;P00034;2;18.79;5.3;2026-06-07T18:52:50.476Z;2025-12-02;false;true
O2000086;P00013;2;57.68;0.38;2026-06-07T18:52:50.476Z;2025-12-02;false;true
O2000086;P00029;1;68.93;5.54;2026-06-07T18:52:50.476Z;2025-12-02;false;true
O2000086;P00042;2;589.91;161.52;2026-06-07T18:52:50.476Z;2025-12-02;false;true
O2000086;P00043;1;601.85;115.69;2026-06-07T18:52:50.476Z;2025-12-02;false;true
O2000087;P00005;3;387.96;31.96;2026-06-07T18:52:50.476Z;2025-12-02;false;true
O2000087;P00027;3;29.98;1.67;2026-06-07T18:52:50.476Z;2025-12-02;false;true
O2000088;P00019;;99.18;5.74;2026-06-07T18:52:50.476Z;2025-12-02;true;false
O2000088;P00054;1;465.79;82.94;2026-06-07T18:52:50.476Z;2025-12-02;false;true
O2000089;P00019;3;35.52;8.87;2026-06-07T18:52:50.476Z;2025-12-02;false;true
O2000089;P00057;3;89.67;1.17;2026-06-07T18:52:50.476Z;2025-12-02;false;true
O2000090;P00004;2;236.94;20.6;2026-06-07T18:52:50.476Z;2025-12-02;false;true
O2000090;P00024;1;465.92;46.96;2026-06-07T18:52:50.476Z;2025-12-02;false;true
O2000090;P00042;1;151.17;2.43;2026-06-07T18:52:50.476Z;2025-12-02;false;true
O2000091;P00001;1;334.99;5.49;2026-06-07T18:52:50.476Z;2025-12-02;false;true
O2000091;P00049;1;224.02;66.6;2026-06-07T18:52:50.476Z;2025-12-02;false;true
O2000091;P00052;1;267.08;38.57;2026-06-07T18:52:50.476Z;2025-12-02;false;true
O2000091;P00053;3;330.11;73.41;2026-06-07T18:52:50.476Z;2025-12-02;false;true
O2000092;P00028;3;681.25;65.07;2026-06-07T18:52:50.476Z;2025-12-02;false;true
O2000092;P00059;2;696.88;109.31;2026-06-07T18:52:50.476Z;2025-12-02;false;true
O2000093;P00004;3;565.00;48.0;2026-06-07T18:52:50.476Z;2025-12-02;false;true
O2000093;P00057;;423.31;100.63;2026-06-07T18:52:50.476Z;2025-12-02;true;false
O2000094;P00008;3;153.48;9.07;2026-06-07T18:52:50.476Z;2025-12-02;false;true
O2000094;P00017;1;15.04;3.27;2026-06-07T18:52:50.476Z;2025-12-02;false;true
O2000095;P00008;2;451.79;123.91;2026-06-07T18:52:50.476Z;2025-12-02;false;true
O2000095;P00022;1;363.88;64.14;2026-06-07T18:52:50.476Z;2025-12-02;false;true
O2000095;P00024;3;657.25;107.74;2026-06-07T18:52:50.476Z;2025-12-02;false;true
O2000095;P00030;3;711.51;206.11;2026-06-07T18:52:50.476Z;2025-12-02;false;true
